,No.Tested,Pos Cases,Neg Casses,% of Pos,malignant,Non-malignant,Quartan,Plasmodium,Double Tertian,local,Introduced,Alien,Non-catagorized,regressive
2018,1015953,2711,1013242,0.2668430527790163,1898,794,8,1,10,194,0,2517,0,0
2019,1118706,2152,1116554,0.19236510754389446,1498,628,10,0,16,38,85,2029,0,0
2020,703048,3658,699390,0.520305868162629,3231,412,7,0,8,83,122,3453,0,0
2021,642818,2616,640202,0.40695811256063147,2023,480,9,0,104,0,146,2470,0,0
2022,764822,4319,760503,0.5647065591732455,3079,1177,22,2,39,0,274,4045,0,0
