,No.Tested,Pos Casses,Neg Casses,% of Pos,malignant,Non-malignant,Quartan,Double Tertian,Plasmodium,local,Introduced,Alien,Non-catagorized,regressive
2018,52203.0,21.0,52182.0,0.04022757312798115,13.0,8.0,0.0,0.0,0.0,0.0,0.0,21.0,0.0,0.0
2019,51434.0,41.0,51393.0,0.07971380798693471,31.0,10.0,0.0,0.0,0.0,0.0,0.0,41.0,0.0,0.0
2020,46855.0,21.0,46834.0,0.04481912282573899,17.0,3.0,0.0,1.0,0.0,0.0,0.0,21.0,0.0,0.0
2021,46629.0,32.0,46597.0,0.0686268202191769,0.06,23.0,0.0,2.0,7.0,0.0,0.0,32.0,0.0,0.0
2022,29656.0,38.0,29618.0,0.1,25.0,12.0,1.0,0.0,0.0,0.0,0.0,38.0,0.0,0.0
