,No.Tested,Pos Casses,Neg Casses,% of Pos,malignant,Non-malignant,Quartan,Double Tertian,Plasmodium,local,Introduced,Alien,Non-catagorized,regressive
2018,26742.0,4.0,26738.0,0.01495774437214868,0.0,4.0,0.0,0.0,0.0,0.0,0.0,4.0,0.0,0.0
2019,29379.0,6.0,29373.0,0.02042275094455223,3.0,1.0,0.0,0.0,2.0,0.0,0.0,6.0,0.0,0.0
2020,14003.0,1.0,14002.0,0.0071413268585303145,1.0,0.0,0.0,0.0,0.0,0.0,0.0,1.0,0.0,0.0
2021,28525.0,2.0,28523.0,0.007011393514460999,0.007,0.0,0.0,0.0,2.0,0.0,0.0,2.0,0.0,0.0
2022,43579.0,7.0,43572.0,0.01,0.0,7.0,0.0,0.0,0.0,0.0,0.0,7.0,0.0,0.0
