,No.Tested,Pos Casses,Neg Casses,% of Pos,malignant,Non-malignant,Quartan,Double Tertian,Plasmodium,local,Introduced,Alien,Non-catagorized,regressive
2018,3357.0,20.0,3337.0,0.5957700327673519,13.0,7.0,0.0,0.0,0.0,0.0,0.0,20.0,0.0,0.0
2019,2487.0,17.0,2470.0,0.6835544833132288,13.0,4.0,0.0,0.0,0.0,0.0,0.0,17.0,0.0,0.0
2020,667.0,20.0,647.0,2.998500749625187,3.0,17.0,0.0,0.0,0.0,0.0,0.0,20.0,0.0,0.0
2021,3105.0,16.0,3089.0,0.5152979066022545,0.51,5.0,1.0,0.0,10.0,0.0,0.0,16.0,0.0,0.0
2022,1235.0,16.0,1219.0,1.2,8.0,8.0,0.0,0.0,0.0,0.0,0.0,16.0,0.0,0.0
