,No.Tested,Pos Casses,Neg Casses,% of Pos,malignant,Non-malignant,Quartan,Double Tertian,Plasmodium,local,Introduced,Alien,Non-catagorized,regressive
2018,215322.0,309.0,215013.0,0.1435060049600134,101.0,207.0,1.0,0.0,0.0,0.0,0.0,309.0,0.0,0.0
2019,253014.0,286.0,252728.0,0.11303722323665884,122.0,164.0,0.0,0.0,0.0,0.0,0.0,286.0,0.0,0.0
2020,95085.0,107.0,94978.0,0.11253089341115843,58.0,49.0,0.0,0.0,0.0,0.0,0.0,107.0,0.0,0.0
2021,114944.0,206.0,114738.0,0.17921770601336304,0.17,142.0,0.0,0.0,64.0,0.0,0.0,206.0,0.0,0.0
2022,191182.0,270.0,190912.0,0.1,139.0,130.0,1.0,0.0,0.0,0.0,0.0,270.0,0.0,0.0
