,No.Tested,Pos Casses,Neg Casses,% of Pos,malignant,Non-malignant,Quartan,Double Tertian,Plasmodium,local,Introduced,Alien,Non-catagorized,regressive
2018,96.0,19.0,77.0,19.791666666666664,9.0,10.0,0.0,0.0,0.0,0.0,0.0,19.0,0.0,0.0
2019,1148.0,14.0,1134.0,1.2195121951219512,9.0,5.0,0.0,0.0,0.0,0.0,0.0,14.0,0.0,0.0
2020,120.0,9.0,111.0,7.5,9.0,0.0,0.0,0.0,0.0,0.0,0.0,9.0,0.0,0.0
2021,200.0,24.0,176.0,12.0,12.0,7.0,0.0,0.0,17.0,0.0,0.0,24.0,0.0,0.0
2022,189.0,14.0,175.0,7.4,8.0,6.0,0.0,0.0,0.0,0.0,0.0,14.0,0.0,0.0
