,No.Tested,Pos Casses,Neg Casses,% of Pos,malignant,Non-malignant,Quartan,Double Tertian,Plasmodium,local,Introduced,Alien,Non-catagorized,regressive
2018,5767.0,10.0,5757.0,0.17340038148083928,5.0,5.0,0.0,0.0,0.0,0.0,0.0,10.0,0.0,0.0
2019,3625.0,14.0,3611.0,0.38620689655172413,10.0,4.0,0.0,0.0,0.0,0.0,0.0,14.0,0.0,0.0
2020,1680.0,5.0,1675.0,0.2976190476190476,2.0,3.0,0.0,0.0,0.0,0.0,0.0,5.0,0.0,0.0
2021,3434.0,20.0,3414.0,0.5824111822947,0.58,8.0,0.0,0.0,12.0,0.0,0.0,20.0,0.0,0.0
2022,3042.0,18.0,3024.0,0.6,7.0,11.0,0.0,0.0,0.0,0.0,0.0,18.0,0.0,0.0
