,No.Tested,Pos Casses,Neg Casses,% of Pos,malignant,Non-malignant,Quartan,Double Tertian,Plasmodium,local,Introduced,Alien,Non-catagorized,regressive
2018,22403.0,29.0,22374.0,0.12944694906932108,15.0,14.0,0.0,0.0,0.0,0.0,0.0,29.0,0.0,0.0
2019,26243.0,29.0,26214.0,0.11050565865183097,14.0,15.0,0.0,0.0,0.0,0.0,0.0,29.0,0.0,0.0
2020,18263.0,13.0,18250.0,0.07118217160378908,9.0,4.0,0.0,0.0,0.0,0.0,0.0,13.0,0.0,0.0
2021,21860.0,38.0,21822.0,0.17383348581884722,0.17,16.0,0.0,1.0,21.0,0.0,0.0,38.0,0.0,0.0
2022,26477.0,50.0,26427.0,0.2,21.0,29.0,0.0,0.0,0.0,0.0,0.0,50.0,0.0,0.0
