,No.Tested,Pos Casses,Neg Casses,% of Pos,malignant,Non-malignant,Quartan,Double Tertian,Plasmodium,local,Introduced,Alien,Non-catagorized,regressive
2018,1172.0,8.0,1164.0,0.6825938566552902,6.0,1.0,1.0,0.0,0.0,0.0,0.0,8.0,0.0,0.0
2019,1111.0,11.0,1100.0,0.9900990099009901,9.0,0.0,0.0,0.0,2.0,0.0,0.0,11.0,0.0,0.0
2020,889.0,5.0,884.0,0.562429696287964,4.0,1.0,0.0,0.0,0.0,0.0,0.0,5.0,0.0,0.0
2021,114.0,6.0,108.0,5.263157894736842,5.26,5.0,0.0,0.0,1.0,0.0,0.0,6.0,0.0,0.0
2022,78.0,5.0,73.0,6.4,5.0,0.0,0.0,0.0,0.0,0.0,0.0,5.0,0.0,0.0
