,No.Tested,Pos Casses,Neg Casses,% of Pos,malignant,Non-malignant,Quartan,Double Tertian,Plasmodium,local,Introduced,Alien,Non-catagorized,regressive
2018,54398.0,59.0,54339.0,0.10845986984815618,10.0,49.0,0.0,0.0,0.0,0.0,0.0,59.0,0.0,0.0
2019,73829.0,47.0,73782.0,0.06366062116512482,8.0,37.0,0.0,0.0,2.0,0.0,0.0,47.0,0.0,0.0
2020,45817.0,20.0,45797.0,0.04365191959316411,7.0,12.0,1.0,0.0,0.0,0.0,0.0,20.0,0.0,0.0
2021,52553.0,51.0,52502.0,0.0970448880178106,0.09,28.0,0.0,0.0,23.0,0.0,0.0,51.0,0.0,0.0
2022,68911.0,72.0,68839.0,0.1,21.0,50.0,1.0,0.0,0.0,0.0,0.0,72.0,0.0,0.0
