,No.Tested,Pos Casses,Neg Casses,% of Pos,malignant,Non-malignant,Quartan,Double Tertian,Plasmodium,local,Introduced,Alien,Non-catagorized,regressive
2018,7178.0,0.0,7178.0,0.0,0.0,0.0,0.0,0.0,0.0,0.0,0.0,0.0,0.0,0.0
2019,6602.0,3.0,6599.0,0.04544077552256892,0.0,3.0,0.0,0.0,0.0,0.0,0.0,3.0,0.0,0.0
2020,3738.0,0.0,3738.0,0.0,0.0,0.0,0.0,0.0,0.0,0.0,0.0,0.0,0.0,0.0
2021,3968.0,1.0,3967.0,0.025201612903225805,0.025,0.0,0.0,0.0,1.0,0.0,0.0,1.0,0.0,0.0
2022,3446.0,0.0,3446.0,0.0,0.0,0.0,0.0,0.0,0.0,0.0,0.0,0.0,0.0,0.0
