,No.Tested,Pos Casses,Neg Casses,% of Pos,malignant,Non-malignant,Quartan,Double Tertian,Plasmodium,local,Introduced,Alien,Non-catagorized,regressive
2018,209823.0,152.0,209671.0,0.0724420106470692,53.0,96.0,1.0,1.0,1.0,0.0,0.0,152.0,0.0,0.0
2019,273965.0,152.0,273813.0,0.05548153961272425,40.0,99.0,12.0,0.0,1.0,0.0,0.0,152.0,0.0,0.0
2020,120164.0,47.0,120117.0,0.03911321194367698,17.0,27.0,3.0,0.0,0.0,0.0,0.0,47.0,0.0,0.0
2021,19202.0,121.0,19081.0,0.6301426934694303,0.63,105.0,3.0,1.0,12.0,0.0,0.0,121.0,0.0,0.0
2022,20324.0,172.0,20152.0,0.8,86.0,80.0,3.0,3.0,0.0,0.0,0.0,172.0,0.0,0.0
