,No.Tested,Pos Casses,Neg Casses,% of Pos,malignant,Non-malignant,Quartan,Double Tertian,Plasmodium,local,Introduced,Alien,Non-catagorized,regressive
2018,9061.0,3.0,9058.0,0.033108928374351615,3.0,0.0,0.0,0.0,0.0,0.0,0.0,3.0,0.0,0.0
2019,7282.0,24.0,7258.0,0.32957978577313923,20.0,4.0,0.0,0.0,0.0,0.0,0.0,24.0,0.0,0.0
2020,3514.0,2.0,3512.0,0.056915196357427436,2.0,0.0,0.0,0.0,0.0,0.0,0.0,2.0,0.0,0.0
2021,3627.0,7.0,3620.0,0.19299696719051557,0.19,7.0,0.0,0.0,0.0,0.0,0.0,7.0,0.0,0.0
2022,5535.0,11.0,5524.0,0.2,11.0,0.0,0.0,0.0,0.0,0.0,0.0,11.0,0.0,0.0
